{
    "sorteo": 5179,
    "dia": 12,
    "mes": 11,
    "anio": 2025,
    "loterias": {
        "POCEADA FEDERAL": [
            "01",
            "15",
            "18",
            "19",
            "24",
            "30",
            "33",
            "46",
            "47",
            "53",
            "56",
            "64",
            "68",
            "69",
            "71",
            "79",
            "80",
            "84",
            "85",
            "99"
        ]
    }
}