{
    "sorteo": 5186,
    "dia": 17,
    "mes": 11,
    "anio": 2025,
    "loterias": {
        "POCEADA FEDERAL": [
            "04",
            "12",
            "20",
            "22",
            "26",
            "34",
            "35",
            "41",
            "43",
            "45",
            "46",
            "54",
            "63",
            "65",
            "66",
            "70",
            "79",
            "85",
            "91",
            "94"
        ]
    }
}