{
    "sorteo": 5169,
    "dia": 6,
    "mes": 11,
    "anio": 2025,
    "loterias": {
        "POCEADA FEDERAL": [
            "02",
            "06",
            "32",
            "34",
            "38",
            "43",
            "44",
            "45",
            "62",
            "65",
            "67",
            "72",
            "76",
            "80",
            "85",
            "88",
            "90",
            "92",
            "93",
            "95"
        ]
    }
}