{
    "sorteo": 5116,
    "dia": 7,
    "mes": 10,
    "anio": 2025,
    "loterias": {
        "POCEADA FEDERAL": [
            "11",
            "12",
            "13",
            "18",
            "27",
            "31",
            "34",
            "44",
            "47",
            "52",
            "54",
            "58",
            "61",
            "62",
            "69",
            "73",
            "74",
            "80",
            "89",
            "93"
        ]
    }
}