{
    "sorteo": 5206,
    "dia": 28,
    "mes": 11,
    "anio": 2025,
    "loterias": {
        "POCEADA FEDERAL": [
            "04",
            "05",
            "16",
            "18",
            "30",
            "36",
            "38",
            "40",
            "45",
            "50",
            "52",
            "57",
            "63",
            "64",
            "65",
            "71",
            "72",
            "75",
            "85",
            "96"
        ]
    }
}