{
    "sorteo": 5251,
    "dia": 27,
    "mes": 12,
    "anio": 2025,
    "loterias": {
        "POCEADA FEDERAL": [
            "07",
            "08",
            "12",
            "13",
            "20",
            "28",
            "37",
            "38",
            "46",
            "55",
            "57",
            "62",
            "63",
            "72",
            "84",
            "85",
            "86",
            "87",
            "94",
            "95"
        ]
    }
}