{
    "sorteo": 5243,
    "dia": 20,
    "mes": 12,
    "anio": 2025,
    "loterias": {
        "POCEADA FEDERAL": [
            "00",
            "11",
            "12",
            "20",
            "21",
            "28",
            "33",
            "34",
            "37",
            "43",
            "45",
            "46",
            "62",
            "64",
            "69",
            "73",
            "75",
            "79",
            "89",
            "98"
        ]
    }
}