{
    "sorteo": 5126,
    "dia": 13,
    "mes": 10,
    "anio": 2025,
    "loterias": {
        "POCEADA FEDERAL": [
            "02",
            "03",
            "10",
            "13",
            "15",
            "16",
            "21",
            "22",
            "23",
            "25",
            "31",
            "33",
            "44",
            "55",
            "64",
            "66",
            "67",
            "69",
            "86",
            "98"
        ]
    }
}