{
    "sorteo": 5197,
    "dia": 22,
    "mes": 11,
    "anio": 2025,
    "loterias": {
        "POCEADA FEDERAL": [
            "01",
            "06",
            "22",
            "24",
            "36",
            "38",
            "42",
            "48",
            "51",
            "62",
            "64",
            "68",
            "69",
            "70",
            "71",
            "74",
            "78",
            "80",
            "87",
            "93"
        ]
    }
}