{
    "sorteo": 5127,
    "dia": 13,
    "mes": 10,
    "anio": 2025,
    "loterias": {
        "POCEADA FEDERAL": [
            "02",
            "10",
            "13",
            "16",
            "18",
            "26",
            "28",
            "29",
            "33",
            "46",
            "47",
            "57",
            "59",
            "60",
            "64",
            "72",
            "78",
            "83",
            "94",
            "99"
        ]
    }
}