{
    "sorteo": 5138,
    "dia": 20,
    "mes": 10,
    "anio": 2025,
    "loterias": {
        "POCEADA FEDERAL": [
            "03",
            "09",
            "12",
            "14",
            "21",
            "25",
            "35",
            "38",
            "41",
            "42",
            "44",
            "48",
            "50",
            "53",
            "55",
            "72",
            "73",
            "75",
            "78",
            "82"
        ]
    }
}