{
    "sorteo": 5259,
    "dia": 2,
    "mes": 1,
    "anio": 2026,
    "loterias": {
        "POCEADA FEDERAL": [
            "11",
            "22",
            "23",
            "29",
            "30",
            "35",
            "36",
            "45",
            "51",
            "55",
            "61",
            "65",
            "66",
            "70",
            "74",
            "76",
            "80",
            "89",
            "95",
            "97"
        ]
    }
}