{
    "sorteo": 5189,
    "dia": 18,
    "mes": 11,
    "anio": 2025,
    "loterias": {
        "POCEADA FEDERAL": [
            "08",
            "15",
            "17",
            "18",
            "41",
            "49",
            "51",
            "56",
            "60",
            "65",
            "68",
            "69",
            "73",
            "74",
            "80",
            "84",
            "92",
            "93",
            "96",
            "99"
        ]
    }
}