{
    "sorteo": 5221,
    "dia": 6,
    "mes": 12,
    "anio": 2025,
    "loterias": {
        "POCEADA FEDERAL": [
            "01",
            "03",
            "07",
            "19",
            "21",
            "30",
            "36",
            "56",
            "58",
            "62",
            "64",
            "65",
            "66",
            "73",
            "74",
            "77",
            "79",
            "86",
            "87",
            "93"
        ]
    }
}