{
    "sorteo": 5153,
    "dia": 28,
    "mes": 10,
    "anio": 2025,
    "loterias": {
        "POCEADA FEDERAL": [
            "00",
            "04",
            "13",
            "14",
            "15",
            "18",
            "21",
            "23",
            "28",
            "33",
            "36",
            "38",
            "40",
            "49",
            "52",
            "56",
            "70",
            "89",
            "92",
            "95"
        ]
    }
}