{
    "sorteo": 5190,
    "dia": 19,
    "mes": 11,
    "anio": 2025,
    "loterias": {
        "POCEADA FEDERAL": [
            "03",
            "11",
            "12",
            "19",
            "20",
            "21",
            "22",
            "34",
            "39",
            "44",
            "50",
            "58",
            "64",
            "66",
            "71",
            "73",
            "74",
            "75",
            "82",
            "89"
        ]
    }
}