{
    "sorteo": 5236,
    "dia": 17,
    "mes": 12,
    "anio": 2025,
    "loterias": {
        "POCEADA FEDERAL": [
            "00",
            "03",
            "04",
            "08",
            "10",
            "19",
            "32",
            "41",
            "50",
            "54",
            "55",
            "63",
            "66",
            "72",
            "74",
            "76",
            "88",
            "89",
            "97",
            "99"
        ]
    }
}