{
    "sorteo": 5129,
    "dia": 14,
    "mes": 10,
    "anio": 2025,
    "loterias": {
        "POCEADA FEDERAL": [
            "03",
            "15",
            "16",
            "20",
            "35",
            "36",
            "47",
            "49",
            "58",
            "60",
            "61",
            "67",
            "70",
            "72",
            "75",
            "79",
            "84",
            "86",
            "89",
            "93"
        ]
    }
}