{
    "sorteo": 5125,
    "dia": 11,
    "mes": 10,
    "anio": 2025,
    "loterias": {
        "POCEADA FEDERAL": [
            "07",
            "17",
            "22",
            "34",
            "42",
            "44",
            "47",
            "50",
            "52",
            "56",
            "60",
            "71",
            "74",
            "75",
            "81",
            "85",
            "91",
            "92",
            "97",
            "98"
        ]
    }
}