{
    "sorteo": 5114,
    "dia": 6,
    "mes": 10,
    "anio": 2025,
    "loterias": {
        "POCEADA FEDERAL": [
            "15",
            "16",
            "18",
            "19",
            "21",
            "26",
            "32",
            "34",
            "43",
            "47",
            "48",
            "60",
            "62",
            "71",
            "72",
            "78",
            "82",
            "91",
            "93",
            "95"
        ]
    }
}