{
    "sorteo": 5160,
    "dia": 1,
    "mes": 11,
    "anio": 2025,
    "loterias": {
        "POCEADA FEDERAL": [
            "01",
            "02",
            "04",
            "05",
            "12",
            "15",
            "16",
            "25",
            "26",
            "31",
            "32",
            "33",
            "35",
            "40",
            "48",
            "60",
            "66",
            "75",
            "89",
            "91"
        ]
    }
}