{
    "sorteo": 5213,
    "dia": 2,
    "mes": 12,
    "anio": 2025,
    "loterias": {
        "POCEADA FEDERAL": [
            "02",
            "20",
            "23",
            "35",
            "37",
            "41",
            "42",
            "45",
            "48",
            "57",
            "59",
            "60",
            "62",
            "63",
            "64",
            "72",
            "76",
            "79",
            "87",
            "93"
        ]
    }
}