{
    "sorteo": 5174,
    "dia": 10,
    "mes": 11,
    "anio": 2025,
    "loterias": {
        "POCEADA FEDERAL": [
            "01",
            "02",
            "14",
            "21",
            "28",
            "31",
            "41",
            "49",
            "56",
            "61",
            "62",
            "64",
            "65",
            "69",
            "73",
            "79",
            "83",
            "85",
            "96",
            "99"
        ]
    }
}