{
    "sorteo": 5226,
    "dia": 11,
    "mes": 12,
    "anio": 2025,
    "loterias": {
        "POCEADA FEDERAL": [
            "00",
            "01",
            "02",
            "03",
            "06",
            "13",
            "14",
            "16",
            "21",
            "27",
            "28",
            "33",
            "34",
            "35",
            "55",
            "56",
            "68",
            "72",
            "80",
            "92"
        ]
    }
}