{
    "sorteo": 5143,
    "dia": 22,
    "mes": 10,
    "anio": 2025,
    "loterias": {
        "POCEADA FEDERAL": [
            "06",
            "08",
            "09",
            "13",
            "20",
            "23",
            "24",
            "25",
            "46",
            "48",
            "56",
            "57",
            "59",
            "62",
            "66",
            "77",
            "79",
            "82",
            "85",
            "99"
        ]
    }
}