{
    "sorteo": 5145,
    "dia": 23,
    "mes": 10,
    "anio": 2025,
    "loterias": {
        "POCEADA FEDERAL": [
            "07",
            "13",
            "20",
            "23",
            "25",
            "31",
            "32",
            "37",
            "38",
            "39",
            "41",
            "46",
            "48",
            "53",
            "54",
            "55",
            "56",
            "59",
            "82",
            "89"
        ]
    }
}