{
    "sorteo": 5134,
    "dia": 17,
    "mes": 10,
    "anio": 2025,
    "loterias": {
        "POCEADA FEDERAL": [
            "06",
            "12",
            "19",
            "28",
            "29",
            "34",
            "37",
            "57",
            "60",
            "61",
            "63",
            "67",
            "70",
            "74",
            "76",
            "78",
            "92",
            "95",
            "96",
            "99"
        ]
    }
}