{
    "sorteo": 5248,
    "dia": 24,
    "mes": 12,
    "anio": 2025,
    "loterias": {
        "POCEADA FEDERAL": [
            "05",
            "06",
            "07",
            "18",
            "19",
            "22",
            "23",
            "25",
            "26",
            "30",
            "39",
            "46",
            "50",
            "53",
            "54",
            "57",
            "69",
            "76",
            "79",
            "98"
        ]
    }
}