{
    "sorteo": 5123,
    "dia": 10,
    "mes": 10,
    "anio": 2025,
    "loterias": {
        "POCEADA FEDERAL": [
            "03",
            "04",
            "07",
            "16",
            "17",
            "21",
            "25",
            "26",
            "27",
            "38",
            "46",
            "50",
            "55",
            "58",
            "60",
            "66",
            "67",
            "76",
            "94",
            "95"
        ]
    }
}