{
    "sorteo": 5250,
    "dia": 26,
    "mes": 12,
    "anio": 2025,
    "loterias": {
        "POCEADA FEDERAL": [
            "00",
            "05",
            "09",
            "20",
            "39",
            "45",
            "46",
            "51",
            "55",
            "56",
            "57",
            "62",
            "64",
            "71",
            "77",
            "79",
            "83",
            "92",
            "96",
            "98"
        ]
    }
}