{
    "sorteo": 5172,
    "dia": 8,
    "mes": 11,
    "anio": 2025,
    "loterias": {
        "POCEADA FEDERAL": [
            "02",
            "08",
            "13",
            "17",
            "20",
            "23",
            "25",
            "37",
            "38",
            "45",
            "48",
            "51",
            "64",
            "70",
            "82",
            "84",
            "85",
            "92",
            "95",
            "97"
        ]
    }
}