{
    "sorteo": 5271,
    "dia": 9,
    "mes": 1,
    "anio": 2026,
    "loterias": {
        "POCEADA FEDERAL": [
            "13",
            "19",
            "34",
            "37",
            "39",
            "42",
            "47",
            "48",
            "54",
            "57",
            "60",
            "64",
            "68",
            "70",
            "72",
            "75",
            "82",
            "86",
            "88",
            "94"
        ]
    }
}