{
    "sorteo": 5157,
    "dia": 30,
    "mes": 10,
    "anio": 2025,
    "loterias": {
        "POCEADA FEDERAL": [
            "10",
            "13",
            "14",
            "15",
            "16",
            "17",
            "25",
            "31",
            "35",
            "38",
            "42",
            "45",
            "53",
            "79",
            "80",
            "82",
            "84",
            "86",
            "93",
            "99"
        ]
    }
}