{
    "sorteo": 5232,
    "dia": 15,
    "mes": 12,
    "anio": 2025,
    "loterias": {
        "POCEADA FEDERAL": [
            "01",
            "06",
            "12",
            "23",
            "29",
            "33",
            "40",
            "41",
            "42",
            "46",
            "61",
            "63",
            "65",
            "73",
            "87",
            "89",
            "92",
            "94",
            "96",
            "97"
        ]
    }
}