{
    "sorteo": 5216,
    "dia": 4,
    "mes": 12,
    "anio": 2025,
    "loterias": {
        "POCEADA FEDERAL": [
            "00",
            "06",
            "08",
            "16",
            "25",
            "29",
            "33",
            "50",
            "52",
            "60",
            "63",
            "67",
            "69",
            "75",
            "81",
            "86",
            "87",
            "88",
            "92",
            "93"
        ]
    }
}