{
    "sorteo": 5108,
    "dia": 2,
    "mes": 10,
    "anio": 2025,
    "loterias": {
        "POCEADA FEDERAL": [
            "00",
            "03",
            "06",
            "08",
            "10",
            "14",
            "20",
            "32",
            "40",
            "42",
            "45",
            "58",
            "63",
            "73",
            "79",
            "85",
            "86",
            "90",
            "94",
            "99"
        ]
    }
}