{
    "sorteo": 5151,
    "dia": 27,
    "mes": 10,
    "anio": 2025,
    "loterias": {
        "POCEADA FEDERAL": [
            "00",
            "02",
            "15",
            "30",
            "37",
            "39",
            "41",
            "44",
            "54",
            "60",
            "61",
            "69",
            "73",
            "79",
            "86",
            "88",
            "89",
            "92",
            "95",
            "97"
        ]
    }
}