{
    "sorteo": 5148,
    "dia": 25,
    "mes": 10,
    "anio": 2025,
    "loterias": {
        "POCEADA FEDERAL": [
            "02",
            "13",
            "14",
            "23",
            "29",
            "32",
            "33",
            "34",
            "48",
            "50",
            "55",
            "61",
            "67",
            "68",
            "70",
            "71",
            "83",
            "86",
            "92",
            "93"
        ]
    }
}