{
    "sorteo": 5119,
    "dia": 8,
    "mes": 10,
    "anio": 2025,
    "loterias": {
        "POCEADA FEDERAL": [
            "00",
            "04",
            "06",
            "09",
            "13",
            "21",
            "25",
            "31",
            "35",
            "40",
            "48",
            "51",
            "54",
            "67",
            "70",
            "71",
            "79",
            "86",
            "90",
            "92"
        ]
    }
}