{
    "sorteo": 5249,
    "dia": 26,
    "mes": 12,
    "anio": 2025,
    "loterias": {
        "POCEADA FEDERAL": [
            "02",
            "03",
            "06",
            "10",
            "14",
            "20",
            "31",
            "34",
            "35",
            "38",
            "39",
            "43",
            "65",
            "68",
            "69",
            "70",
            "71",
            "82",
            "83",
            "99"
        ]
    }
}