{
    "sorteo": 5240,
    "dia": 19,
    "mes": 12,
    "anio": 2025,
    "loterias": {
        "POCEADA FEDERAL": [
            "01",
            "02",
            "05",
            "06",
            "09",
            "15",
            "22",
            "29",
            "33",
            "36",
            "40",
            "45",
            "69",
            "72",
            "73",
            "88",
            "90",
            "92",
            "93",
            "96"
        ]
    }
}