{
    "sorteo": 5124,
    "dia": 11,
    "mes": 10,
    "anio": 2025,
    "loterias": {
        "POCEADA FEDERAL": [
            "11",
            "12",
            "28",
            "34",
            "37",
            "38",
            "40",
            "42",
            "49",
            "53",
            "54",
            "55",
            "62",
            "64",
            "65",
            "70",
            "72",
            "80",
            "87",
            "92"
        ]
    }
}