{
    "sorteo": 5137,
    "dia": 18,
    "mes": 10,
    "anio": 2025,
    "loterias": {
        "POCEADA FEDERAL": [
            "05",
            "07",
            "10",
            "11",
            "17",
            "22",
            "30",
            "32",
            "35",
            "36",
            "39",
            "43",
            "46",
            "50",
            "54",
            "55",
            "68",
            "77",
            "89",
            "97"
        ]
    }
}