{
    "sorteo": 5230,
    "dia": 13,
    "mes": 12,
    "anio": 2025,
    "loterias": {
        "POCEADA FEDERAL": [
            "01",
            "11",
            "13",
            "16",
            "21",
            "24",
            "29",
            "35",
            "37",
            "43",
            "62",
            "63",
            "69",
            "72",
            "73",
            "80",
            "84",
            "91",
            "92",
            "97"
        ]
    }
}