{
    "sorteo": 5273,
    "dia": 10,
    "mes": 1,
    "anio": 2026,
    "loterias": {
        "POCEADA FEDERAL": [
            "03",
            "04",
            "07",
            "09",
            "13",
            "23",
            "28",
            "34",
            "39",
            "43",
            "46",
            "48",
            "55",
            "66",
            "67",
            "68",
            "78",
            "80",
            "93",
            "97"
        ]
    }
}