{
    "sorteo": 5266,
    "dia": 7,
    "mes": 1,
    "anio": 2026,
    "loterias": {
        "POCEADA FEDERAL": [
            "01",
            "02",
            "12",
            "29",
            "39",
            "41",
            "43",
            "45",
            "47",
            "55",
            "57",
            "62",
            "63",
            "72",
            "77",
            "82",
            "90",
            "92",
            "94",
            "98"
        ]
    }
}