{
    "sorteo": 5219,
    "dia": 5,
    "mes": 12,
    "anio": 2025,
    "loterias": {
        "POCEADA FEDERAL": [
            "03",
            "11",
            "13",
            "20",
            "25",
            "35",
            "42",
            "47",
            "51",
            "55",
            "58",
            "62",
            "74",
            "77",
            "80",
            "85",
            "86",
            "90",
            "91",
            "99"
        ]
    }
}