{
    "sorteo": 5239,
    "dia": 18,
    "mes": 12,
    "anio": 2025,
    "loterias": {
        "POCEADA FEDERAL": [
            "00",
            "03",
            "04",
            "06",
            "07",
            "08",
            "09",
            "10",
            "24",
            "27",
            "33",
            "39",
            "40",
            "51",
            "59",
            "63",
            "65",
            "79",
            "87",
            "88"
        ]
    }
}