{
    "sorteo": 5204,
    "dia": 27,
    "mes": 11,
    "anio": 2025,
    "loterias": {
        "POCEADA FEDERAL": [
            "02",
            "09",
            "11",
            "13",
            "14",
            "15",
            "16",
            "37",
            "38",
            "44",
            "45",
            "46",
            "52",
            "59",
            "62",
            "64",
            "65",
            "82",
            "83",
            "96"
        ]
    }
}