{
    "sorteo": 5203,
    "dia": 26,
    "mes": 11,
    "anio": 2025,
    "loterias": {
        "POCEADA FEDERAL": [
            "00",
            "05",
            "06",
            "10",
            "12",
            "16",
            "23",
            "24",
            "32",
            "34",
            "37",
            "39",
            "58",
            "65",
            "71",
            "73",
            "87",
            "89",
            "90",
            "99"
        ]
    }
}