{
    "sorteo": 5255,
    "dia": 30,
    "mes": 12,
    "anio": 2025,
    "loterias": {
        "POCEADA FEDERAL": [
            "00",
            "12",
            "14",
            "17",
            "22",
            "29",
            "32",
            "35",
            "37",
            "38",
            "49",
            "51",
            "55",
            "60",
            "79",
            "84",
            "88",
            "95",
            "96",
            "97"
        ]
    }
}