{
    "sorteo": 5269,
    "dia": 8,
    "mes": 1,
    "anio": 2026,
    "loterias": {
        "POCEADA FEDERAL": [
            "02",
            "10",
            "13",
            "14",
            "15",
            "21",
            "23",
            "30",
            "33",
            "38",
            "40",
            "60",
            "61",
            "67",
            "71",
            "77",
            "79",
            "88",
            "89",
            "93"
        ]
    }
}