{
    "sorteo": 5118,
    "dia": 8,
    "mes": 10,
    "anio": 2025,
    "loterias": {
        "POCEADA FEDERAL": [
            "05",
            "09",
            "10",
            "14",
            "15",
            "16",
            "17",
            "20",
            "23",
            "28",
            "30",
            "35",
            "39",
            "42",
            "43",
            "45",
            "50",
            "69",
            "71",
            "98"
        ]
    }
}