{
    "sorteo": 5141,
    "dia": 21,
    "mes": 10,
    "anio": 2025,
    "loterias": {
        "POCEADA FEDERAL": [
            "00",
            "02",
            "11",
            "24",
            "25",
            "29",
            "32",
            "34",
            "37",
            "41",
            "42",
            "44",
            "56",
            "62",
            "63",
            "68",
            "73",
            "76",
            "80",
            "86"
        ]
    }
}