{
    "sorteo": 5211,
    "dia": 1,
    "mes": 12,
    "anio": 2025,
    "loterias": {
        "POCEADA FEDERAL": [
            "04",
            "08",
            "11",
            "15",
            "21",
            "26",
            "29",
            "32",
            "35",
            "45",
            "50",
            "55",
            "64",
            "67",
            "72",
            "73",
            "78",
            "83",
            "86",
            "94"
        ]
    }
}