{
    "sorteo": 5107,
    "dia": 1,
    "mes": 10,
    "anio": 2025,
    "loterias": {
        "POCEADA FEDERAL": [
            "04",
            "15",
            "17",
            "18",
            "24",
            "25",
            "26",
            "28",
            "34",
            "43",
            "44",
            "49",
            "55",
            "59",
            "72",
            "74",
            "81",
            "83",
            "85",
            "96"
        ]
    }
}