{
    "sorteo": 5265,
    "dia": 6,
    "mes": 1,
    "anio": 2026,
    "loterias": {
        "POCEADA FEDERAL": [
            "11",
            "12",
            "19",
            "23",
            "24",
            "36",
            "42",
            "48",
            "50",
            "58",
            "59",
            "62",
            "71",
            "72",
            "75",
            "79",
            "88",
            "89",
            "94",
            "98"
        ]
    }
}