{
    "sorteo": 5237,
    "dia": 17,
    "mes": 12,
    "anio": 2025,
    "loterias": {
        "POCEADA FEDERAL": [
            "01",
            "02",
            "11",
            "13",
            "15",
            "16",
            "21",
            "33",
            "43",
            "48",
            "49",
            "51",
            "52",
            "69",
            "72",
            "74",
            "78",
            "80",
            "83",
            "88"
        ]
    }
}