{
    "sorteo": 5201,
    "dia": 25,
    "mes": 11,
    "anio": 2025,
    "loterias": {
        "POCEADA FEDERAL": [
            "01",
            "04",
            "09",
            "16",
            "18",
            "19",
            "29",
            "30",
            "42",
            "57",
            "60",
            "61",
            "63",
            "65",
            "71",
            "75",
            "77",
            "79",
            "86",
            "87"
        ]
    }
}