{
    "sorteo": 5115,
    "dia": 6,
    "mes": 10,
    "anio": 2025,
    "loterias": {
        "POCEADA FEDERAL": [
            "03",
            "05",
            "14",
            "17",
            "20",
            "25",
            "26",
            "43",
            "55",
            "56",
            "58",
            "59",
            "63",
            "65",
            "74",
            "81",
            "90",
            "94",
            "95",
            "96"
        ]
    }
}