{
    "sorteo": 5183,
    "dia": 14,
    "mes": 11,
    "anio": 2025,
    "loterias": {
        "POCEADA FEDERAL": [
            "00",
            "06",
            "08",
            "09",
            "11",
            "16",
            "36",
            "44",
            "53",
            "62",
            "63",
            "64",
            "67",
            "69",
            "70",
            "82",
            "86",
            "88",
            "96",
            "98"
        ]
    }
}