{
    "sorteo": 5258,
    "dia": 2,
    "mes": 1,
    "anio": 2026,
    "loterias": {
        "POCEADA FEDERAL": [
            "06",
            "11",
            "13",
            "14",
            "18",
            "20",
            "21",
            "23",
            "24",
            "29",
            "39",
            "48",
            "52",
            "57",
            "58",
            "61",
            "62",
            "64",
            "79",
            "97"
        ]
    }
}