{
    "sorteo": 5139,
    "dia": 20,
    "mes": 10,
    "anio": 2025,
    "loterias": {
        "POCEADA FEDERAL": [
            "09",
            "15",
            "22",
            "25",
            "30",
            "35",
            "36",
            "47",
            "50",
            "70",
            "74",
            "82",
            "83",
            "84",
            "87",
            "88",
            "91",
            "94",
            "97",
            "99"
        ]
    }
}