{
    "sorteo": 5238,
    "dia": 18,
    "mes": 12,
    "anio": 2025,
    "loterias": {
        "POCEADA FEDERAL": [
            "02",
            "09",
            "10",
            "28",
            "29",
            "31",
            "32",
            "52",
            "53",
            "57",
            "60",
            "62",
            "64",
            "67",
            "80",
            "85",
            "89",
            "92",
            "95",
            "97"
        ]
    }
}