{
    "sorteo": 5173,
    "dia": 8,
    "mes": 11,
    "anio": 2025,
    "loterias": {
        "POCEADA FEDERAL": [
            "00",
            "01",
            "06",
            "10",
            "15",
            "26",
            "29",
            "52",
            "58",
            "63",
            "67",
            "72",
            "78",
            "86",
            "87",
            "88",
            "89",
            "91",
            "92",
            "96"
        ]
    }
}