{
    "sorteo": 5167,
    "dia": 5,
    "mes": 11,
    "anio": 2025,
    "loterias": {
        "POCEADA FEDERAL": [
            "04",
            "08",
            "09",
            "13",
            "16",
            "28",
            "35",
            "38",
            "41",
            "45",
            "55",
            "60",
            "71",
            "75",
            "77",
            "79",
            "83",
            "84",
            "95",
            "99"
        ]
    }
}