{
    "sorteo": 5268,
    "dia": 8,
    "mes": 1,
    "anio": 2026,
    "loterias": {
        "POCEADA FEDERAL": [
            "01",
            "02",
            "06",
            "11",
            "13",
            "18",
            "26",
            "28",
            "34",
            "38",
            "40",
            "46",
            "54",
            "56",
            "71",
            "81",
            "83",
            "85",
            "87",
            "92"
        ]
    }
}