{
    "sorteo": 5182,
    "dia": 14,
    "mes": 11,
    "anio": 2025,
    "loterias": {
        "POCEADA FEDERAL": [
            "00",
            "03",
            "15",
            "18",
            "27",
            "28",
            "29",
            "34",
            "45",
            "46",
            "60",
            "62",
            "63",
            "69",
            "72",
            "76",
            "78",
            "80",
            "81",
            "91"
        ]
    }
}