{
    "sorteo": 5242,
    "dia": 20,
    "mes": 12,
    "anio": 2025,
    "loterias": {
        "POCEADA FEDERAL": [
            "03",
            "16",
            "20",
            "22",
            "31",
            "33",
            "45",
            "46",
            "57",
            "61",
            "62",
            "65",
            "69",
            "71",
            "75",
            "81",
            "85",
            "90",
            "91",
            "93"
        ]
    }
}