{
    "sorteo": 5164,
    "dia": 4,
    "mes": 11,
    "anio": 2025,
    "loterias": {
        "POCEADA FEDERAL": [
            "06",
            "13",
            "22",
            "24",
            "28",
            "30",
            "32",
            "34",
            "46",
            "50",
            "51",
            "53",
            "56",
            "67",
            "76",
            "81",
            "82",
            "85",
            "88",
            "93"
        ]
    }
}