{
    "sorteo": 5270,
    "dia": 9,
    "mes": 1,
    "anio": 2026,
    "loterias": {
        "POCEADA FEDERAL": [
            "00",
            "09",
            "11",
            "28",
            "30",
            "34",
            "35",
            "39",
            "43",
            "49",
            "50",
            "56",
            "58",
            "65",
            "76",
            "79",
            "89",
            "95",
            "96",
            "99"
        ]
    }
}