{
    "sorteo": 5162,
    "dia": 3,
    "mes": 11,
    "anio": 2025,
    "loterias": {
        "POCEADA FEDERAL": [
            "00",
            "01",
            "07",
            "09",
            "11",
            "16",
            "25",
            "30",
            "37",
            "49",
            "62",
            "64",
            "69",
            "77",
            "81",
            "86",
            "88",
            "95",
            "96",
            "99"
        ]
    }
}