{
    "sorteo": 5168,
    "dia": 6,
    "mes": 11,
    "anio": 2025,
    "loterias": {
        "POCEADA FEDERAL": [
            "07",
            "12",
            "14",
            "16",
            "18",
            "22",
            "29",
            "35",
            "38",
            "41",
            "49",
            "50",
            "51",
            "56",
            "68",
            "70",
            "76",
            "81",
            "86",
            "88"
        ]
    }
}