{
    "sorteo": 5184,
    "dia": 15,
    "mes": 11,
    "anio": 2025,
    "loterias": {
        "POCEADA FEDERAL": [
            "02",
            "11",
            "14",
            "21",
            "23",
            "26",
            "43",
            "46",
            "47",
            "64",
            "65",
            "72",
            "73",
            "79",
            "82",
            "83",
            "86",
            "90",
            "94",
            "97"
        ]
    }
}