{
    "sorteo": 5210,
    "dia": 1,
    "mes": 12,
    "anio": 2025,
    "loterias": {
        "POCEADA FEDERAL": [
            "05",
            "06",
            "09",
            "10",
            "14",
            "24",
            "33",
            "36",
            "46",
            "51",
            "53",
            "54",
            "72",
            "73",
            "74",
            "78",
            "79",
            "81",
            "84",
            "92"
        ]
    }
}