{
    "sorteo": 5120,
    "dia": 9,
    "mes": 10,
    "anio": 2025,
    "loterias": {
        "POCEADA FEDERAL": [
            "02",
            "20",
            "24",
            "31",
            "32",
            "39",
            "42",
            "47",
            "48",
            "49",
            "55",
            "58",
            "60",
            "63",
            "71",
            "79",
            "84",
            "85",
            "94",
            "95"
        ]
    }
}