{
    "sorteo": 5261,
    "dia": 3,
    "mes": 1,
    "anio": 2026,
    "loterias": {
        "POCEADA FEDERAL": [
            "00",
            "07",
            "09",
            "10",
            "21",
            "23",
            "27",
            "47",
            "53",
            "54",
            "58",
            "62",
            "67",
            "74",
            "76",
            "78",
            "79",
            "84",
            "87",
            "93"
        ]
    }
}