{
    "sorteo": 5208,
    "dia": 29,
    "mes": 11,
    "anio": 2025,
    "loterias": {
        "POCEADA FEDERAL": [
            "00",
            "03",
            "04",
            "08",
            "11",
            "17",
            "19",
            "24",
            "28",
            "41",
            "49",
            "51",
            "52",
            "54",
            "70",
            "77",
            "79",
            "84",
            "93",
            "95"
        ]
    }
}