{
    "sorteo": 5149,
    "dia": 25,
    "mes": 10,
    "anio": 2025,
    "loterias": {
        "POCEADA FEDERAL": [
            "08",
            "12",
            "14",
            "22",
            "26",
            "32",
            "37",
            "42",
            "45",
            "46",
            "50",
            "52",
            "58",
            "60",
            "63",
            "71",
            "78",
            "80",
            "98",
            "99"
        ]
    }
}