{
    "sorteo": 5217,
    "dia": 4,
    "mes": 12,
    "anio": 2025,
    "loterias": {
        "POCEADA FEDERAL": [
            "00",
            "03",
            "04",
            "08",
            "10",
            "27",
            "29",
            "30",
            "33",
            "40",
            "41",
            "43",
            "44",
            "54",
            "59",
            "62",
            "74",
            "75",
            "85",
            "98"
        ]
    }
}