{
    "sorteo": 5233,
    "dia": 15,
    "mes": 12,
    "anio": 2025,
    "loterias": {
        "POCEADA FEDERAL": [
            "01",
            "06",
            "10",
            "19",
            "30",
            "36",
            "41",
            "45",
            "48",
            "50",
            "53",
            "58",
            "59",
            "65",
            "67",
            "69",
            "70",
            "87",
            "88",
            "91"
        ]
    }
}