{
    "sorteo": 5263,
    "dia": 5,
    "mes": 1,
    "anio": 2026,
    "loterias": {
        "POCEADA FEDERAL": [
            "18",
            "22",
            "24",
            "27",
            "28",
            "32",
            "36",
            "37",
            "42",
            "48",
            "52",
            "56",
            "63",
            "73",
            "83",
            "84",
            "89",
            "91",
            "92",
            "96"
        ]
    }
}