{
    "sorteo": 5171,
    "dia": 7,
    "mes": 11,
    "anio": 2025,
    "loterias": {
        "POCEADA FEDERAL": [
            "04",
            "05",
            "13",
            "23",
            "28",
            "29",
            "30",
            "31",
            "36",
            "38",
            "44",
            "45",
            "47",
            "59",
            "71",
            "89",
            "90",
            "91",
            "97",
            "99"
        ]
    }
}