{
    "sorteo": 5212,
    "dia": 2,
    "mes": 12,
    "anio": 2025,
    "loterias": {
        "POCEADA FEDERAL": [
            "07",
            "13",
            "17",
            "19",
            "28",
            "30",
            "32",
            "40",
            "47",
            "49",
            "51",
            "56",
            "61",
            "63",
            "67",
            "74",
            "82",
            "86",
            "96",
            "99"
        ]
    }
}