{
    "sorteo": 5131,
    "dia": 15,
    "mes": 10,
    "anio": 2025,
    "loterias": {
        "POCEADA FEDERAL": [
            "02",
            "04",
            "05",
            "11",
            "17",
            "19",
            "26",
            "29",
            "35",
            "45",
            "51",
            "54",
            "65",
            "67",
            "73",
            "80",
            "82",
            "83",
            "96",
            "97"
        ]
    }
}