{
    "sorteo": 5267,
    "dia": 7,
    "mes": 1,
    "anio": 2026,
    "loterias": {
        "POCEADA FEDERAL": [
            "00",
            "09",
            "15",
            "22",
            "23",
            "26",
            "27",
            "34",
            "38",
            "41",
            "42",
            "47",
            "52",
            "59",
            "61",
            "66",
            "84",
            "85",
            "88",
            "91"
        ]
    }
}