{
    "sorteo": 5235,
    "dia": 16,
    "mes": 12,
    "anio": 2025,
    "loterias": {
        "POCEADA FEDERAL": [
            "05",
            "13",
            "18",
            "19",
            "23",
            "24",
            "30",
            "33",
            "35",
            "38",
            "44",
            "47",
            "50",
            "62",
            "67",
            "69",
            "73",
            "85",
            "92",
            "98"
        ]
    }
}