{
    "sorteo": 5188,
    "dia": 18,
    "mes": 11,
    "anio": 2025,
    "loterias": {
        "POCEADA FEDERAL": [
            "00",
            "03",
            "05",
            "07",
            "11",
            "29",
            "30",
            "34",
            "35",
            "36",
            "38",
            "47",
            "51",
            "53",
            "54",
            "62",
            "64",
            "71",
            "74",
            "80"
        ]
    }
}