{
    "sorteo": 5170,
    "dia": 7,
    "mes": 11,
    "anio": 2025,
    "loterias": {
        "POCEADA FEDERAL": [
            "03",
            "06",
            "07",
            "10",
            "12",
            "15",
            "29",
            "31",
            "39",
            "42",
            "47",
            "53",
            "56",
            "58",
            "66",
            "68",
            "72",
            "74",
            "94",
            "96"
        ]
    }
}