{
    "sorteo": 5224,
    "dia": 10,
    "mes": 12,
    "anio": 2025,
    "loterias": {
        "POCEADA FEDERAL": [
            "00",
            "10",
            "16",
            "17",
            "24",
            "25",
            "27",
            "29",
            "42",
            "45",
            "47",
            "49",
            "55",
            "63",
            "66",
            "75",
            "79",
            "89",
            "92",
            "97"
        ]
    }
}