{
    "sorteo": 5135,
    "dia": 17,
    "mes": 10,
    "anio": 2025,
    "loterias": {
        "POCEADA FEDERAL": [
            "07",
            "09",
            "16",
            "17",
            "18",
            "19",
            "24",
            "26",
            "40",
            "41",
            "50",
            "51",
            "54",
            "59",
            "65",
            "68",
            "82",
            "89",
            "93",
            "96"
        ]
    }
}