{
    "sorteo": 5161,
    "dia": 1,
    "mes": 11,
    "anio": 2025,
    "loterias": {
        "POCEADA FEDERAL": [
            "01",
            "05",
            "07",
            "10",
            "28",
            "32",
            "36",
            "47",
            "52",
            "53",
            "60",
            "64",
            "66",
            "69",
            "77",
            "85",
            "88",
            "89",
            "94",
            "97"
        ]
    }
}