{
    "sorteo": 5241,
    "dia": 19,
    "mes": 12,
    "anio": 2025,
    "loterias": {
        "POCEADA FEDERAL": [
            "03",
            "05",
            "15",
            "25",
            "34",
            "35",
            "41",
            "49",
            "55",
            "57",
            "70",
            "72",
            "73",
            "81",
            "82",
            "85",
            "88",
            "95",
            "97",
            "98"
        ]
    }
}