{
    "sorteo": 5163,
    "dia": 3,
    "mes": 11,
    "anio": 2025,
    "loterias": {
        "POCEADA FEDERAL": [
            "00",
            "07",
            "11",
            "17",
            "19",
            "36",
            "41",
            "49",
            "51",
            "52",
            "53",
            "62",
            "63",
            "65",
            "72",
            "78",
            "80",
            "82",
            "88",
            "92"
        ]
    }
}