{
    "sorteo": 5117,
    "dia": 7,
    "mes": 10,
    "anio": 2025,
    "loterias": {
        "POCEADA FEDERAL": [
            "01",
            "03",
            "06",
            "28",
            "29",
            "34",
            "36",
            "42",
            "51",
            "56",
            "60",
            "68",
            "73",
            "74",
            "76",
            "82",
            "83",
            "88",
            "94",
            "98"
        ]
    }
}