{
    "sorteo": 5205,
    "dia": 27,
    "mes": 11,
    "anio": 2025,
    "loterias": {
        "POCEADA FEDERAL": [
            "01",
            "03",
            "09",
            "15",
            "17",
            "25",
            "27",
            "28",
            "32",
            "33",
            "41",
            "55",
            "68",
            "82",
            "86",
            "90",
            "92",
            "93",
            "95",
            "99"
        ]
    }
}