{
    "sorteo": 5209,
    "dia": 29,
    "mes": 11,
    "anio": 2025,
    "loterias": {
        "POCEADA FEDERAL": [
            "07",
            "15",
            "19",
            "22",
            "27",
            "30",
            "31",
            "36",
            "38",
            "44",
            "48",
            "52",
            "56",
            "58",
            "62",
            "67",
            "77",
            "79",
            "89",
            "97"
        ]
    }
}