{
    "sorteo": 5202,
    "dia": 26,
    "mes": 11,
    "anio": 2025,
    "loterias": {
        "POCEADA FEDERAL": [
            "01",
            "03",
            "07",
            "08",
            "11",
            "12",
            "13",
            "16",
            "19",
            "20",
            "21",
            "34",
            "38",
            "41",
            "43",
            "50",
            "52",
            "63",
            "71",
            "80"
        ]
    }
}