{
    "sorteo": 5264,
    "dia": 6,
    "mes": 1,
    "anio": 2026,
    "loterias": {
        "POCEADA FEDERAL": [
            "04",
            "06",
            "15",
            "16",
            "17",
            "18",
            "19",
            "23",
            "25",
            "32",
            "34",
            "38",
            "40",
            "45",
            "46",
            "47",
            "58",
            "71",
            "91",
            "93"
        ]
    }
}