{
    "sorteo": 5260,
    "dia": 3,
    "mes": 1,
    "anio": 2026,
    "loterias": {
        "POCEADA FEDERAL": [
            "15",
            "21",
            "22",
            "23",
            "27",
            "28",
            "34",
            "37",
            "45",
            "47",
            "52",
            "58",
            "60",
            "62",
            "66",
            "69",
            "77",
            "87",
            "89",
            "98"
        ]
    }
}