{
    "sorteo": 5166,
    "dia": 5,
    "mes": 11,
    "anio": 2025,
    "loterias": {
        "POCEADA FEDERAL": [
            "11",
            "18",
            "19",
            "34",
            "36",
            "40",
            "41",
            "46",
            "50",
            "61",
            "62",
            "68",
            "71",
            "72",
            "81",
            "82",
            "92",
            "96",
            "98",
            "99"
        ]
    }
}