{
    "sorteo": 5154,
    "dia": 29,
    "mes": 10,
    "anio": 2025,
    "loterias": {
        "POCEADA FEDERAL": [
            "11",
            "14",
            "16",
            "20",
            "31",
            "33",
            "37",
            "40",
            "46",
            "51",
            "54",
            "56",
            "64",
            "78",
            "84",
            "87",
            "90",
            "92",
            "96",
            "97"
        ]
    }
}