{
    "sorteo": 5175,
    "dia": 10,
    "mes": 11,
    "anio": 2025,
    "loterias": {
        "POCEADA FEDERAL": [
            "06",
            "08",
            "14",
            "34",
            "35",
            "37",
            "39",
            "40",
            "43",
            "45",
            "47",
            "51",
            "56",
            "67",
            "72",
            "78",
            "82",
            "84",
            "86",
            "90"
        ]
    }
}