{
    "sorteo": 5193,
    "dia": 20,
    "mes": 11,
    "anio": 2025,
    "loterias": {
        "POCEADA FEDERAL": [
            "04",
            "11",
            "16",
            "21",
            "28",
            "31",
            "37",
            "39",
            "43",
            "47",
            "50",
            "60",
            "65",
            "67",
            "74",
            "76",
            "87",
            "88",
            "96",
            "97"
        ]
    }
}