{
    "sorteo": 5220,
    "dia": 6,
    "mes": 12,
    "anio": 2025,
    "loterias": {
        "POCEADA FEDERAL": [
            "04",
            "10",
            "13",
            "16",
            "17",
            "20",
            "21",
            "29",
            "30",
            "31",
            "33",
            "44",
            "49",
            "51",
            "52",
            "54",
            "65",
            "68",
            "73",
            "82"
        ]
    }
}