{
    "sorteo": 5185,
    "dia": 15,
    "mes": 11,
    "anio": 2025,
    "loterias": {
        "POCEADA FEDERAL": [
            "02",
            "04",
            "17",
            "23",
            "27",
            "37",
            "38",
            "44",
            "47",
            "55",
            "56",
            "63",
            "64",
            "69",
            "71",
            "79",
            "84",
            "86",
            "88",
            "94"
        ]
    }
}