{
    "sorteo": 5156,
    "dia": 30,
    "mes": 10,
    "anio": 2025,
    "loterias": {
        "POCEADA FEDERAL": [
            "06",
            "09",
            "11",
            "20",
            "25",
            "35",
            "44",
            "47",
            "48",
            "62",
            "67",
            "68",
            "71",
            "74",
            "77",
            "78",
            "79",
            "81",
            "88",
            "93"
        ]
    }
}