{
    "sorteo": 5128,
    "dia": 14,
    "mes": 10,
    "anio": 2025,
    "loterias": {
        "POCEADA FEDERAL": [
            "02",
            "14",
            "20",
            "27",
            "37",
            "39",
            "42",
            "45",
            "51",
            "55",
            "56",
            "57",
            "59",
            "60",
            "62",
            "65",
            "69",
            "86",
            "93",
            "96"
        ]
    }
}