{
    "sorteo": 5178,
    "dia": 12,
    "mes": 11,
    "anio": 2025,
    "loterias": {
        "POCEADA FEDERAL": [
            "04",
            "06",
            "14",
            "18",
            "28",
            "33",
            "35",
            "37",
            "47",
            "51",
            "53",
            "55",
            "59",
            "63",
            "68",
            "73",
            "78",
            "89",
            "97",
            "98"
        ]
    }
}