{
    "sorteo": 5215,
    "dia": 3,
    "mes": 12,
    "anio": 2025,
    "loterias": {
        "POCEADA FEDERAL": [
            "07",
            "08",
            "11",
            "13",
            "16",
            "22",
            "30",
            "36",
            "37",
            "49",
            "50",
            "63",
            "64",
            "65",
            "67",
            "73",
            "75",
            "80",
            "92",
            "97"
        ]
    }
}