{
    "sorteo": 5218,
    "dia": 5,
    "mes": 12,
    "anio": 2025,
    "loterias": {
        "POCEADA FEDERAL": [
            "02",
            "05",
            "06",
            "18",
            "19",
            "27",
            "35",
            "40",
            "45",
            "48",
            "50",
            "57",
            "58",
            "60",
            "71",
            "84",
            "93",
            "95",
            "97",
            "99"
        ]
    }
}