{
    "sorteo": 5199,
    "dia": 24,
    "mes": 11,
    "anio": 2025,
    "loterias": {
        "POCEADA FEDERAL": [
            "02",
            "08",
            "10",
            "20",
            "29",
            "30",
            "33",
            "34",
            "37",
            "40",
            "42",
            "45",
            "55",
            "61",
            "64",
            "69",
            "73",
            "77",
            "83",
            "98"
        ]
    }
}