{
    "sorteo": 5159,
    "dia": 31,
    "mes": 10,
    "anio": 2025,
    "loterias": {
        "POCEADA FEDERAL": [
            "00",
            "06",
            "29",
            "30",
            "39",
            "41",
            "50",
            "55",
            "56",
            "64",
            "66",
            "68",
            "69",
            "80",
            "88",
            "90",
            "93",
            "94",
            "96",
            "98"
        ]
    }
}