{
    "sorteo": 5231,
    "dia": 13,
    "mes": 12,
    "anio": 2025,
    "loterias": {
        "POCEADA FEDERAL": [
            "15",
            "16",
            "17",
            "31",
            "33",
            "45",
            "50",
            "53",
            "55",
            "57",
            "58",
            "62",
            "66",
            "67",
            "70",
            "71",
            "75",
            "81",
            "84",
            "99"
        ]
    }
}