{
    "sorteo": 5254,
    "dia": 29,
    "mes": 12,
    "anio": 2025,
    "loterias": {
        "POCEADA FEDERAL": [
            "09",
            "10",
            "13",
            "15",
            "33",
            "40",
            "44",
            "46",
            "52",
            "66",
            "67",
            "71",
            "72",
            "75",
            "77",
            "83",
            "86",
            "90",
            "91",
            "93"
        ]
    }
}