{
    "sorteo": 5109,
    "dia": 2,
    "mes": 10,
    "anio": 2025,
    "loterias": {
        "POCEADA FEDERAL": [
            "04",
            "06",
            "07",
            "10",
            "11",
            "12",
            "14",
            "20",
            "24",
            "36",
            "41",
            "46",
            "47",
            "49",
            "50",
            "51",
            "64",
            "65",
            "86",
            "96"
        ]
    }
}