{
    "sorteo": 5195,
    "dia": 21,
    "mes": 11,
    "anio": 2025,
    "loterias": {
        "POCEADA FEDERAL": [
            "02",
            "04",
            "05",
            "06",
            "07",
            "21",
            "22",
            "30",
            "32",
            "34",
            "38",
            "52",
            "63",
            "67",
            "71",
            "72",
            "86",
            "93",
            "94",
            "99"
        ]
    }
}