{
    "sorteo": 5253,
    "dia": 29,
    "mes": 12,
    "anio": 2025,
    "loterias": {
        "POCEADA FEDERAL": [
            "00",
            "01",
            "13",
            "19",
            "20",
            "26",
            "33",
            "49",
            "50",
            "52",
            "70",
            "72",
            "73",
            "74",
            "75",
            "80",
            "88",
            "89",
            "96",
            "98"
        ]
    }
}