{
    "sorteo": 5244,
    "dia": 22,
    "mes": 12,
    "anio": 2025,
    "loterias": {
        "POCEADA FEDERAL": [
            "05",
            "06",
            "07",
            "08",
            "23",
            "25",
            "30",
            "39",
            "46",
            "51",
            "55",
            "59",
            "63",
            "72",
            "73",
            "75",
            "78",
            "89",
            "92",
            "98"
        ]
    }
}