{
    "sorteo": 5229,
    "dia": 12,
    "mes": 12,
    "anio": 2025,
    "loterias": {
        "POCEADA FEDERAL": [
            "02",
            "03",
            "09",
            "10",
            "11",
            "13",
            "20",
            "22",
            "28",
            "32",
            "33",
            "41",
            "47",
            "55",
            "63",
            "70",
            "71",
            "72",
            "77",
            "96"
        ]
    }
}