{
    "sorteo": 5140,
    "dia": 21,
    "mes": 10,
    "anio": 2025,
    "loterias": {
        "POCEADA FEDERAL": [
            "05",
            "10",
            "12",
            "21",
            "28",
            "32",
            "35",
            "36",
            "38",
            "45",
            "47",
            "51",
            "54",
            "61",
            "67",
            "72",
            "74",
            "75",
            "76",
            "94"
        ]
    }
}