{
    "sorteo": 5142,
    "dia": 22,
    "mes": 10,
    "anio": 2025,
    "loterias": {
        "POCEADA FEDERAL": [
            "01",
            "03",
            "11",
            "13",
            "17",
            "36",
            "38",
            "42",
            "46",
            "48",
            "60",
            "62",
            "66",
            "72",
            "75",
            "79",
            "90",
            "94",
            "97",
            "99"
        ]
    }
}