{
    "sorteo": 5262,
    "dia": 5,
    "mes": 1,
    "anio": 2026,
    "loterias": {
        "POCEADA FEDERAL": [
            "04",
            "08",
            "18",
            "24",
            "28",
            "31",
            "38",
            "46",
            "47",
            "51",
            "63",
            "72",
            "74",
            "76",
            "77",
            "89",
            "92",
            "93",
            "95",
            "97"
        ]
    }
}