{
    "sorteo": 5256,
    "dia": 30,
    "mes": 12,
    "anio": 2025,
    "loterias": {
        "POCEADA FEDERAL": [
            "06",
            "12",
            "13",
            "25",
            "35",
            "39",
            "40",
            "68",
            "71",
            "73",
            "76",
            "77",
            "78",
            "80",
            "81",
            "86",
            "92",
            "93",
            "94",
            "97"
        ]
    }
}