{
    "sorteo": 5252,
    "dia": 27,
    "mes": 12,
    "anio": 2025,
    "loterias": {
        "POCEADA FEDERAL": [
            "00",
            "02",
            "06",
            "09",
            "17",
            "20",
            "34",
            "38",
            "44",
            "45",
            "50",
            "52",
            "54",
            "65",
            "71",
            "73",
            "76",
            "81",
            "93",
            "94"
        ]
    }
}