{
    "sorteo": 5200,
    "dia": 25,
    "mes": 11,
    "anio": 2025,
    "loterias": {
        "POCEADA FEDERAL": [
            "01",
            "10",
            "15",
            "21",
            "26",
            "29",
            "37",
            "40",
            "55",
            "60",
            "62",
            "64",
            "82",
            "83",
            "84",
            "90",
            "92",
            "96",
            "97",
            "98"
        ]
    }
}