{
    "sorteo": 5144,
    "dia": 23,
    "mes": 10,
    "anio": 2025,
    "loterias": {
        "POCEADA FEDERAL": [
            "14",
            "15",
            "16",
            "17",
            "19",
            "21",
            "25",
            "28",
            "29",
            "35",
            "41",
            "46",
            "49",
            "64",
            "65",
            "66",
            "68",
            "74",
            "85",
            "95"
        ]
    }
}