{
    "sorteo": 5177,
    "dia": 11,
    "mes": 11,
    "anio": 2025,
    "loterias": {
        "POCEADA FEDERAL": [
            "03",
            "05",
            "19",
            "24",
            "25",
            "40",
            "42",
            "50",
            "52",
            "55",
            "67",
            "71",
            "73",
            "82",
            "83",
            "85",
            "92",
            "94",
            "98",
            "99"
        ]
    }
}