{
    "sorteo": 5192,
    "dia": 20,
    "mes": 11,
    "anio": 2025,
    "loterias": {
        "POCEADA FEDERAL": [
            "00",
            "09",
            "10",
            "16",
            "39",
            "40",
            "41",
            "44",
            "45",
            "61",
            "69",
            "73",
            "75",
            "80",
            "84",
            "87",
            "95",
            "96",
            "97",
            "99"
        ]
    }
}