{
    "sorteo": 5245,
    "dia": 22,
    "mes": 12,
    "anio": 2025,
    "loterias": {
        "POCEADA FEDERAL": [
            "05",
            "18",
            "19",
            "21",
            "27",
            "34",
            "48",
            "50",
            "51",
            "53",
            "56",
            "57",
            "67",
            "72",
            "79",
            "82",
            "85",
            "89",
            "92",
            "94"
        ]
    }
}