{
    "sorteo": 5106,
    "dia": 1,
    "mes": 10,
    "anio": 2025,
    "loterias": {
        "POCEADA FEDERAL": [
            "05",
            "21",
            "27",
            "31",
            "33",
            "34",
            "35",
            "36",
            "38",
            "41",
            "42",
            "43",
            "46",
            "50",
            "57",
            "69",
            "74",
            "76",
            "88",
            "92"
        ]
    }
}