{
    "sorteo": 5180,
    "dia": 13,
    "mes": 11,
    "anio": 2025,
    "loterias": {
        "POCEADA FEDERAL": [
            "01",
            "05",
            "06",
            "10",
            "15",
            "19",
            "21",
            "28",
            "33",
            "37",
            "39",
            "44",
            "47",
            "51",
            "53",
            "55",
            "66",
            "80",
            "92",
            "98"
        ]
    }
}