{
    "sorteo": 5113,
    "dia": 4,
    "mes": 10,
    "anio": 2025,
    "loterias": {
        "POCEADA FEDERAL": [
            "13",
            "25",
            "26",
            "31",
            "33",
            "39",
            "40",
            "43",
            "50",
            "55",
            "57",
            "67",
            "72",
            "73",
            "77",
            "79",
            "82",
            "85",
            "88",
            "93"
        ]
    }
}