{
    "sorteo": 5150,
    "dia": 27,
    "mes": 10,
    "anio": 2025,
    "loterias": {
        "POCEADA FEDERAL": [
            "01",
            "11",
            "18",
            "19",
            "21",
            "22",
            "26",
            "36",
            "40",
            "42",
            "44",
            "51",
            "56",
            "59",
            "65",
            "66",
            "74",
            "81",
            "92",
            "96"
        ]
    }
}