{
    "sorteo": 5147,
    "dia": 24,
    "mes": 10,
    "anio": 2025,
    "loterias": {
        "POCEADA FEDERAL": [
            "00",
            "05",
            "06",
            "13",
            "14",
            "20",
            "21",
            "25",
            "31",
            "32",
            "38",
            "45",
            "47",
            "51",
            "55",
            "61",
            "74",
            "78",
            "90",
            "93"
        ]
    }
}