{
    "sorteo": 5112,
    "dia": 4,
    "mes": 10,
    "anio": 2025,
    "loterias": {
        "POCEADA FEDERAL": [
            "02",
            "03",
            "11",
            "22",
            "26",
            "32",
            "33",
            "35",
            "40",
            "45",
            "51",
            "55",
            "56",
            "62",
            "71",
            "75",
            "82",
            "83",
            "91",
            "98"
        ]
    }
}