{
    "sorteo": 5234,
    "dia": 16,
    "mes": 12,
    "anio": 2025,
    "loterias": {
        "POCEADA FEDERAL": [
            "01",
            "04",
            "07",
            "11",
            "24",
            "26",
            "28",
            "31",
            "34",
            "61",
            "63",
            "65",
            "67",
            "68",
            "72",
            "76",
            "81",
            "87",
            "88",
            "93"
        ]
    }
}