{
    "sorteo": 5223,
    "dia": 9,
    "mes": 12,
    "anio": 2025,
    "loterias": {
        "POCEADA FEDERAL": [
            "01",
            "06",
            "08",
            "12",
            "16",
            "20",
            "33",
            "34",
            "37",
            "40",
            "56",
            "58",
            "68",
            "71",
            "77",
            "82",
            "83",
            "84",
            "94",
            "96"
        ]
    }
}