{
    "sorteo": 5165,
    "dia": 4,
    "mes": 11,
    "anio": 2025,
    "loterias": {
        "POCEADA FEDERAL": [
            "05",
            "07",
            "14",
            "20",
            "24",
            "30",
            "40",
            "48",
            "50",
            "54",
            "55",
            "58",
            "60",
            "61",
            "62",
            "66",
            "80",
            "81",
            "88",
            "89"
        ]
    }
}