{
    "sorteo": 5214,
    "dia": 3,
    "mes": 12,
    "anio": 2025,
    "loterias": {
        "POCEADA FEDERAL": [
            "00",
            "01",
            "04",
            "08",
            "11",
            "15",
            "16",
            "18",
            "23",
            "30",
            "34",
            "45",
            "46",
            "57",
            "58",
            "64",
            "70",
            "73",
            "93",
            "96"
        ]
    }
}