{
    "sorteo": 5121,
    "dia": 9,
    "mes": 10,
    "anio": 2025,
    "loterias": {
        "POCEADA FEDERAL": [
            "03",
            "06",
            "41",
            "42",
            "43",
            "45",
            "50",
            "52",
            "55",
            "58",
            "66",
            "68",
            "78",
            "80",
            "85",
            "86",
            "88",
            "94",
            "95",
            "98"
        ]
    }
}