{
    "sorteo": 5246,
    "dia": 23,
    "mes": 12,
    "anio": 2025,
    "loterias": {
        "POCEADA FEDERAL": [
            "08",
            "16",
            "21",
            "29",
            "30",
            "32",
            "39",
            "40",
            "45",
            "47",
            "48",
            "51",
            "53",
            "58",
            "60",
            "61",
            "63",
            "74",
            "89",
            "93"
        ]
    }
}