{
    "sorteo": 5158,
    "dia": 31,
    "mes": 10,
    "anio": 2025,
    "loterias": {
        "POCEADA FEDERAL": [
            "00",
            "01",
            "02",
            "05",
            "09",
            "19",
            "21",
            "22",
            "27",
            "35",
            "50",
            "51",
            "55",
            "63",
            "64",
            "75",
            "77",
            "89",
            "91",
            "95"
        ]
    }
}