{
    "sorteo": 5110,
    "dia": 3,
    "mes": 10,
    "anio": 2025,
    "loterias": {
        "POCEADA FEDERAL": [
            "07",
            "12",
            "13",
            "17",
            "23",
            "27",
            "33",
            "38",
            "44",
            "48",
            "54",
            "58",
            "59",
            "60",
            "62",
            "66",
            "68",
            "76",
            "82",
            "99"
        ]
    }
}