{
    "sorteo": 5122,
    "dia": 10,
    "mes": 10,
    "anio": 2025,
    "loterias": {
        "POCEADA FEDERAL": [
            "03",
            "19",
            "34",
            "39",
            "44",
            "48",
            "57",
            "60",
            "64",
            "67",
            "70",
            "71",
            "75",
            "76",
            "77",
            "81",
            "89",
            "91",
            "96",
            "97"
        ]
    }
}