{
    "sorteo": 5191,
    "dia": 19,
    "mes": 11,
    "anio": 2025,
    "loterias": {
        "POCEADA FEDERAL": [
            "07",
            "16",
            "18",
            "20",
            "23",
            "29",
            "35",
            "37",
            "38",
            "41",
            "42",
            "53",
            "61",
            "64",
            "69",
            "76",
            "77",
            "79",
            "86",
            "94"
        ]
    }
}