{
    "sorteo": 5130,
    "dia": 15,
    "mes": 10,
    "anio": 2025,
    "loterias": {
        "POCEADA FEDERAL": [
            "07",
            "09",
            "26",
            "40",
            "43",
            "54",
            "62",
            "63",
            "65",
            "66",
            "70",
            "73",
            "74",
            "76",
            "78",
            "86",
            "93",
            "94",
            "97",
            "99"
        ]
    }
}