{
    "sorteo": 5133,
    "dia": 16,
    "mes": 10,
    "anio": 2025,
    "loterias": {
        "POCEADA FEDERAL": [
            "02",
            "11",
            "13",
            "14",
            "15",
            "19",
            "26",
            "28",
            "29",
            "39",
            "55",
            "56",
            "61",
            "73",
            "83",
            "84",
            "89",
            "92",
            "95",
            "98"
        ]
    }
}