{
    "sorteo": 5136,
    "dia": 18,
    "mes": 10,
    "anio": 2025,
    "loterias": {
        "POCEADA FEDERAL": [
            "07",
            "17",
            "20",
            "23",
            "26",
            "29",
            "31",
            "32",
            "34",
            "39",
            "42",
            "48",
            "55",
            "60",
            "64",
            "72",
            "74",
            "91",
            "92",
            "99"
        ]
    }
}