{
    "sorteo": 5247,
    "dia": 23,
    "mes": 12,
    "anio": 2025,
    "loterias": {
        "POCEADA FEDERAL": [
            "02",
            "03",
            "04",
            "05",
            "10",
            "11",
            "17",
            "20",
            "29",
            "35",
            "44",
            "46",
            "49",
            "51",
            "70",
            "73",
            "76",
            "77",
            "79",
            "89"
        ]
    }
}