{
    "sorteo": 5227,
    "dia": 11,
    "mes": 12,
    "anio": 2025,
    "loterias": {
        "POCEADA FEDERAL": [
            "11",
            "14",
            "17",
            "28",
            "34",
            "43",
            "45",
            "49",
            "58",
            "61",
            "63",
            "65",
            "69",
            "70",
            "72",
            "73",
            "84",
            "86",
            "91",
            "93"
        ]
    }
}