{
    "sorteo": 5176,
    "dia": 11,
    "mes": 11,
    "anio": 2025,
    "loterias": {
        "POCEADA FEDERAL": [
            "15",
            "19",
            "24",
            "25",
            "26",
            "28",
            "29",
            "38",
            "43",
            "46",
            "53",
            "55",
            "58",
            "59",
            "81",
            "82",
            "85",
            "86",
            "92",
            "96"
        ]
    }
}