{
    "sorteo": 5198,
    "dia": 24,
    "mes": 11,
    "anio": 2025,
    "loterias": {
        "POCEADA FEDERAL": [
            "01",
            "16",
            "17",
            "31",
            "33",
            "41",
            "43",
            "47",
            "51",
            "53",
            "55",
            "57",
            "60",
            "72",
            "77",
            "82",
            "86",
            "88",
            "94",
            "97"
        ]
    }
}