{
    "sorteo": 5228,
    "dia": 12,
    "mes": 12,
    "anio": 2025,
    "loterias": {
        "POCEADA FEDERAL": [
            "02",
            "03",
            "05",
            "12",
            "14",
            "29",
            "30",
            "35",
            "52",
            "53",
            "54",
            "55",
            "57",
            "59",
            "71",
            "73",
            "74",
            "78",
            "83",
            "98"
        ]
    }
}