{
    "sorteo": 5187,
    "dia": 17,
    "mes": 11,
    "anio": 2025,
    "loterias": {
        "POCEADA FEDERAL": [
            "01",
            "04",
            "10",
            "30",
            "37",
            "39",
            "42",
            "46",
            "47",
            "56",
            "57",
            "59",
            "65",
            "68",
            "81",
            "87",
            "88",
            "89",
            "94",
            "98"
        ]
    }
}