{
    "sorteo": 5111,
    "dia": 3,
    "mes": 10,
    "anio": 2025,
    "loterias": {
        "POCEADA FEDERAL": [
            "08",
            "19",
            "20",
            "23",
            "25",
            "30",
            "34",
            "37",
            "38",
            "46",
            "51",
            "57",
            "62",
            "70",
            "71",
            "72",
            "73",
            "75",
            "86",
            "88"
        ]
    }
}