{
    "sorteo": 5132,
    "dia": 16,
    "mes": 10,
    "anio": 2025,
    "loterias": {
        "POCEADA FEDERAL": [
            "13",
            "14",
            "16",
            "18",
            "20",
            "24",
            "25",
            "31",
            "37",
            "56",
            "59",
            "63",
            "64",
            "69",
            "72",
            "75",
            "83",
            "86",
            "88",
            "98"
        ]
    }
}