{
    "sorteo": 5152,
    "dia": 28,
    "mes": 10,
    "anio": 2025,
    "loterias": {
        "POCEADA FEDERAL": [
            "00",
            "02",
            "04",
            "20",
            "21",
            "25",
            "27",
            "30",
            "34",
            "44",
            "45",
            "49",
            "53",
            "54",
            "58",
            "66",
            "67",
            "75",
            "95",
            "98"
        ]
    }
}