{
    "sorteo": 5181,
    "dia": 13,
    "mes": 11,
    "anio": 2025,
    "loterias": {
        "POCEADA FEDERAL": [
            "03",
            "10",
            "12",
            "14",
            "17",
            "18",
            "24",
            "30",
            "35",
            "36",
            "44",
            "48",
            "53",
            "56",
            "57",
            "84",
            "92",
            "93",
            "94",
            "95"
        ]
    }
}