{
    "sorteo": 5225,
    "dia": 10,
    "mes": 12,
    "anio": 2025,
    "loterias": {
        "POCEADA FEDERAL": [
            "02",
            "03",
            "09",
            "10",
            "19",
            "30",
            "31",
            "32",
            "33",
            "39",
            "40",
            "41",
            "47",
            "56",
            "61",
            "71",
            "84",
            "88",
            "93",
            "98"
        ]
    }
}