{
    "sorteo": 5196,
    "dia": 22,
    "mes": 11,
    "anio": 2025,
    "loterias": {
        "POCEADA FEDERAL": [
            "17",
            "19",
            "21",
            "22",
            "23",
            "24",
            "29",
            "31",
            "32",
            "49",
            "51",
            "64",
            "70",
            "72",
            "74",
            "75",
            "80",
            "83",
            "89",
            "93"
        ]
    }
}