{
    "sorteo": 5194,
    "dia": 21,
    "mes": 11,
    "anio": 2025,
    "loterias": {
        "POCEADA FEDERAL": [
            "10",
            "17",
            "18",
            "20",
            "33",
            "36",
            "40",
            "41",
            "47",
            "48",
            "52",
            "56",
            "63",
            "64",
            "74",
            "75",
            "82",
            "89",
            "93",
            "94"
        ]
    }
}