{
    "sorteo": 5272,
    "dia": 10,
    "mes": 1,
    "anio": 2026,
    "loterias": {
        "POCEADA FEDERAL": [
            "06",
            "08",
            "09",
            "27",
            "31",
            "35",
            "37",
            "41",
            "51",
            "52",
            "56",
            "59",
            "68",
            "69",
            "77",
            "86",
            "89",
            "95",
            "97",
            "99"
        ]
    }
}