{
    "sorteo": 5257,
    "dia": 31,
    "mes": 12,
    "anio": 2025,
    "loterias": {
        "POCEADA FEDERAL": [
            "02",
            "25",
            "26",
            "28",
            "30",
            "32",
            "37",
            "42",
            "46",
            "47",
            "59",
            "64",
            "66",
            "69",
            "72",
            "75",
            "79",
            "88",
            "95",
            "98"
        ]
    }
}