{
    "sorteo": 5155,
    "dia": 29,
    "mes": 10,
    "anio": 2025,
    "loterias": {
        "POCEADA FEDERAL": [
            "10",
            "15",
            "20",
            "21",
            "30",
            "35",
            "36",
            "43",
            "71",
            "74",
            "76",
            "77",
            "79",
            "84",
            "85",
            "87",
            "90",
            "94",
            "97",
            "99"
        ]
    }
}