{
    "sorteo": 5146,
    "dia": 24,
    "mes": 10,
    "anio": 2025,
    "loterias": {
        "POCEADA FEDERAL": [
            "00",
            "01",
            "05",
            "06",
            "07",
            "29",
            "35",
            "41",
            "43",
            "45",
            "46",
            "51",
            "54",
            "65",
            "72",
            "73",
            "76",
            "80",
            "96",
            "97"
        ]
    }
}