{
    "sorteo": 5207,
    "dia": 28,
    "mes": 11,
    "anio": 2025,
    "loterias": {
        "POCEADA FEDERAL": [
            "00",
            "02",
            "16",
            "19",
            "22",
            "23",
            "25",
            "32",
            "34",
            "37",
            "38",
            "44",
            "51",
            "60",
            "68",
            "70",
            "72",
            "84",
            "95",
            "97"
        ]
    }
}