{
    "sorteo": 5222,
    "dia": 9,
    "mes": 12,
    "anio": 2025,
    "loterias": {
        "POCEADA FEDERAL": [
            "01",
            "02",
            "09",
            "13",
            "18",
            "19",
            "24",
            "43",
            "46",
            "50",
            "51",
            "55",
            "60",
            "65",
            "71",
            "73",
            "78",
            "86",
            "87",
            "98"
        ]
    }
}