{
    "sorteo": 3842,
    "dia": 23,
    "mes": 12,
    "anio": 2025,
    "resultados": {
        "TRADICIONAL": [
            3,
            8,
            9,
            10,
            30,
            34
        ],
        "MATCH": [
            10,
            24,
            26,
            31,
            34,
            38
        ],
        "DESQUITE": [
            4,
            5,
            11,
            13,
            18,
            19
        ],
        "SALE O SALE": [
            12,
            17,
            27,
            34,
            35,
            37
        ],
        "NUMEROPLUS": 5
    }
}