{
    "sorteo": 3839,
    "dia": 13,
    "mes": 12,
    "anio": 2025,
    "resultados": {
        "TRADICIONAL": [
            2,
            6,
            9,
            11,
            27,
            40
        ],
        "MATCH": [
            1,
            4,
            14,
            16,
            27,
            40
        ],
        "DESQUITE": [
            6,
            7,
            29,
            35,
            37,
            41
        ],
        "SALE O SALE": [
            8,
            12,
            15,
            28,
            34,
            36
        ],
        "NUMEROPLUS": 4
    }
}