{
    "sorteo": 3840,
    "dia": 17,
    "mes": 12,
    "anio": 2025,
    "resultados": {
        "TRADICIONAL": [
            13,
            15,
            18,
            19,
            42,
            44
        ],
        "MATCH": [
            9,
            13,
            20,
            21,
            25,
            33
        ],
        "DESQUITE": [
            13,
            23,
            28,
            41,
            42,
            43
        ],
        "SALE O SALE": [
            2,
            8,
            13,
            14,
            25,
            40
        ],
        "NUMEROPLUS": 0
    }
}