{
    "sorteo": 3847,
    "dia": 10,
    "mes": 1,
    "anio": 2026,
    "resultados": {
        "TRADICIONAL": [
            15,
            18,
            19,
            35,
            40,
            42
        ],
        "MATCH": [
            0,
            6,
            10,
            27,
            35,
            44
        ],
        "DESQUITE": [
            0,
            6,
            18,
            20,
            29,
            43
        ],
        "SALE O SALE": [
            2,
            19,
            31,
            36,
            38,
            42
        ],
        "NUMEROPLUS": 7
    }
}