{
    "sorteo": 3845,
    "dia": 3,
    "mes": 1,
    "anio": 2026,
    "resultados": {
        "TRADICIONAL": [
            7,
            17,
            23,
            29,
            31,
            44
        ],
        "MATCH": [
            5,
            6,
            9,
            21,
            29,
            35
        ],
        "DESQUITE": [
            8,
            9,
            13,
            25,
            34,
            43
        ],
        "SALE O SALE": [
            5,
            9,
            23,
            24,
            28,
            45
        ],
        "NUMEROPLUS": 8
    }
}