{
    "sorteo": 3844,
    "dia": 30,
    "mes": 12,
    "anio": 2025,
    "resultados": {
        "TRADICIONAL": [
            9,
            14,
            31,
            33,
            36,
            40
        ],
        "MATCH": [
            6,
            16,
            28,
            34,
            38,
            42
        ],
        "DESQUITE": [
            4,
            10,
            18,
            19,
            22,
            35
        ],
        "SALE O SALE": [
            7,
            10,
            18,
            23,
            30,
            31
        ],
        "NUMEROPLUS": 8
    }
}