{
    "sorteo": 3846,
    "dia": 7,
    "mes": 1,
    "anio": 2026,
    "resultados": {
        "TRADICIONAL": [
            10,
            23,
            36,
            40,
            43,
            44
        ],
        "MATCH": [
            26,
            28,
            29,
            36,
            39,
            40
        ],
        "DESQUITE": [
            0,
            1,
            19,
            26,
            32,
            34
        ],
        "SALE O SALE": [
            2,
            22,
            24,
            30,
            31,
            45
        ],
        "NUMEROPLUS": 5
    }
}