{
    "sorteo": 3843,
    "dia": 27,
    "mes": 12,
    "anio": 2025,
    "resultados": {
        "TRADICIONAL": [
            6,
            11,
            24,
            34,
            38,
            42
        ],
        "MATCH": [
            15,
            23,
            27,
            31,
            35,
            44
        ],
        "DESQUITE": [
            3,
            11,
            15,
            18,
            27,
            38
        ],
        "SALE O SALE": [
            4,
            7,
            17,
            32,
            40,
            44
        ],
        "NUMEROPLUS": 8
    }
}