{
    "sorteo": 3841,
    "dia": 20,
    "mes": 12,
    "anio": 2025,
    "resultados": {
        "TRADICIONAL": [
            4,
            6,
            8,
            16,
            29,
            34
        ],
        "MATCH": [
            6,
            23,
            25,
            28,
            34,
            40
        ],
        "DESQUITE": [
            7,
            9,
            20,
            25,
            31,
            45
        ],
        "SALE O SALE": [
            12,
            15,
            16,
            24,
            34,
            37
        ],
        "NUMEROPLUS": 3
    }
}